,film-quality,film-poster,film-link,film-name,film-type,film-duration,publish-year
0,HD,https://img.moviesjoy.is/resize/188x288/c6/7d/c67d86ebbe68f9adbac3e564416f5e29/c67d86ebbe68f9adbac3e564416f5e29.jpg,https://moviesjoy.is/tv/bluey-63355,Bluey,TV,,SS 3
1,HD,https://img.moviesjoy.is/resize/188x288/f2/c0/f2c05454b6e53053d5ec7b0f2813a18c/f2c05454b6e53053d5ec7b0f2813a18c.jpg,https://moviesjoy.is/tv/hope-on-the-street-107554,Hope on the Street,TV,,SS 1
2,HD,https://img.moviesjoy.is/resize/188x288/55/1a/551a2220eec1c999ada9177854c579ba/551a2220eec1c999ada9177854c579ba.jpg,https://moviesjoy.is/movie/jimmie-stevie-ray-vaughan-brothers-in-blues-95908,Jimmie & Stevie Ray Vaughan: Brothers in Blues,Movie,107m,2023
3,HD,https://img.moviesjoy.is/resize/188x288/04/60/0460b5c4615b4109396d7b02a19e27f2/0460b5c4615b4109396d7b02a19e27f2.jpg,https://moviesjoy.is/tv/chasing-the-sun-111280,Chasing the Sun,TV,,SS 2
4,HD,https://img.moviesjoy.is/resize/188x288/f7/01/f701ed97357b1d0a76ae8a7e7bbe9c35/f701ed97357b1d0a76ae8a7e7bbe9c35.jpg,https://moviesjoy.is/tv/the-last-drive-in-with-joe-bob-briggs-60908,The Last Drive-in With Joe Bob Briggs,TV,,SS 3
5,HD,https://img.moviesjoy.is/resize/188x288/5a/4e/5a4e0707e532c3cc0899f5ca5a39080f/5a4e0707e532c3cc0899f5ca5a39080f.jpg,https://moviesjoy.is/tv/planet-earth-ii-38958,Planet Earth II,TV,,SS 1
6,HD,https://img.moviesjoy.is/resize/188x288/f7/4f/f74f561ba3b661ae5c8efeaf943723a4/f74f561ba3b661ae5c8efeaf943723a4.jpg,https://moviesjoy.is/tv/the-tragically-hip-no-dress-rehearsal-114496,The Tragically Hip: No Dress Rehearsal,TV,,SS 1
7,HD,https://img.moviesjoy.is/resize/188x288/7a/78/7a78d2a44e33d64d6c35e1a2c1e2cdc9/7a78d2a44e33d64d6c35e1a2c1e2cdc9.jpg,https://moviesjoy.is/tv/breaking-bad-39506,Breaking Bad,TV,,SS 5
8,HD,https://img.moviesjoy.is/resize/188x288/42/bd/42bdbffdaf218c8014ff6490a06c019a/42bdbffdaf218c8014ff6490a06c019a.jpg,https://moviesjoy.is/tv/planet-earth-38933,Planet Earth,TV,,SS 1
9,HD,https://img.moviesjoy.is/resize/188x288/2f/0c/2f0ce329abcdcaff3b5d38d5cece2dfb/2f0ce329abcdcaff3b5d38d5cece2dfb.png,https://moviesjoy.is/tv/trading-up-with-mandy-rennehan-85026,Trading Up with Mandy Rennehan,TV,,SS 1
10,HD,https://img.moviesjoy.is/resize/188x288/04/dd/04dd69b6b07cbb2294e2db94b5722134/04dd69b6b07cbb2294e2db94b5722134.jpg,https://moviesjoy.is/tv/the-chosen-69180,The Chosen,TV,,SS 4
11,HD,https://img.moviesjoy.is/resize/188x288/9b/7e/9b7ec2f851ff5c59c5dff8d3935cc92d/9b7ec2f851ff5c59c5dff8d3935cc92d.jpg,https://moviesjoy.is/tv/rock-solid-builds-83812,Rock Solid Builds,TV,,SS 2
12,HD,https://img.moviesjoy.is/resize/188x288/14/c4/14c4e9e007141a3ee74cfea5a5024e02/14c4e9e007141a3ee74cfea5a5024e02.jpg,https://moviesjoy.is/tv/meeting-of-minds-20342,Meeting of Minds,TV,,SS
13,HD,https://img.moviesjoy.is/resize/188x288/a7/fc/a7fca6a36c98856de5e71d120a16e521/a7fca6a36c98856de5e71d120a16e521.jpg,https://moviesjoy.is/tv/shogun-106618,Shōgun,TV,,SS 1
14,HD,https://img.moviesjoy.is/resize/188x288/1c/f3/1cf36569d58de7d6e17f1a5cec166046/1cf36569d58de7d6e17f1a5cec166046.jpg,https://moviesjoy.is/tv/band-of-brothers-39076,Band of Brothers,TV,,SS 1
15,HD,https://img.moviesjoy.is/resize/188x288/1b/00/1b000d41bc6b9236c2195acb68301dc8/1b000d41bc6b9236c2195acb68301dc8.jpg,https://moviesjoy.is/tv/dance-life-105391,Dance Life,TV,,SS 1
16,HD,https://img.moviesjoy.is/resize/188x288/84/af/84afe104157f380f7918d9642cb14ec0/84afe104157f380f7918d9642cb14ec0.jpg,https://moviesjoy.is/tv/60-day-hustle-113356,60 Day Hustle,TV,,SS 1
17,HD,https://img.moviesjoy.is/resize/188x288/5d/81/5d81607a837a2f2658c0c4c2aafe0fc1/5d81607a837a2f2658c0c4c2aafe0fc1.jpg,https://moviesjoy.is/tv/chernobyl-42212,Chernobyl,TV,,SS 1
18,HD,https://img.moviesjoy.is/resize/188x288/4e/b8/4eb83d4d39e613e2570d0a958a1b7793/4eb83d4d39e613e2570d0a958a1b7793.jpg,https://moviesjoy.is/movie/the-last-page-104431,The Last Page,Movie,127m,2023
19,HD,https://img.moviesjoy.is/resize/188x288/98/8b/988bf8e9e621556a3af9b03a3ca16128/988bf8e9e621556a3af9b03a3ca16128.jpg,https://moviesjoy.is/tv/blue-planet-ii-37639,Blue Planet II,TV,,SS 1
20,HD,https://img.moviesjoy.is/resize/188x288/28/90/289012ffa8a21c555b9fbba8bd57625b/289012ffa8a21c555b9fbba8bd57625b.jpg,https://moviesjoy.is/tv/911-one-day-in-america-75280,9/11: One Day in America,TV,,SS 1
21,HD,https://img.moviesjoy.is/resize/188x288/cf/13/cf13dafa0ebb528401256e901fb4df8b/cf13dafa0ebb528401256e901fb4df8b.jpg,https://moviesjoy.is/tv/seven-worlds-one-planet-60436,"Seven Worlds, One Planet",TV,,SS 1
22,HD,https://img.moviesjoy.is/resize/188x288/a9/fa/a9fa827bede30279b7fc5797a78c3f9a/a9fa827bede30279b7fc5797a78c3f9a.jpg,https://moviesjoy.is/tv/cosmos-38183,Cosmos,TV,,SS 1
23,HD,https://img.moviesjoy.is/resize/188x288/f0/13/f0133f5d6b3fec3e0ce27330535019f8/f0133f5d6b3fec3e0ce27330535019f8.jpg,https://moviesjoy.is/movie/bromley-light-after-dark-105277,Bromley: Light After Dark,Movie,94m,2023
24,HD,https://img.moviesjoy.is/resize/188x288/88/9c/889c90a976e9157790f616d306d4e5e2/889c90a976e9157790f616d306d4e5e2.jpg,https://moviesjoy.is/tv/slumberkins-90190,Slumberkins,TV,,SS 1
25,HD,https://img.moviesjoy.is/resize/188x288/34/e5/34e53ee9fdf6d8904e4bc180a3990372/34e53ee9fdf6d8904e4bc180a3990372.jpg,https://moviesjoy.is/tv/matador-34128,Matador,TV,,SS
26,HD,https://img.moviesjoy.is/resize/188x288/0b/4f/0b4f694b650aad2017b8385df8bbbc6b/0b4f694b650aad2017b8385df8bbbc6b.jpg,https://moviesjoy.is/tv/the-last-of-us-92254,The Last of Us,TV,,SS 1
27,HD,https://img.moviesjoy.is/resize/188x288/33/a6/33a6547695e73499889f8c1577e02ae3/33a6547695e73499889f8c1577e02ae3.jpg,https://moviesjoy.is/tv/the-wire-39269,The Wire,TV,,SS 5
28,HD,https://img.moviesjoy.is/resize/188x288/8a/56/8a5655e08d0ba8b9c43f3d6ca01663d2/8a5655e08d0ba8b9c43f3d6ca01663d2.jpg,https://moviesjoy.is/tv/my-magic-closet-98425,My Magic Closet,TV,,SS 1
29,HD,https://img.moviesjoy.is/resize/188x288/50/51/50518645202e916241e3ec5a26a52405/50518645202e916241e3ec5a26a52405.jpg,https://moviesjoy.is/tv/jinnys-kitchen-93562,Jinny's Kitchen,TV,,SS 2
30,HD,https://img.moviesjoy.is/resize/188x288/0b/8c/0b8c097a412960670694249a6bd690de/0b8c097a412960670694249a6bd690de.jpg,https://moviesjoy.is/tv/the-express-way-with-dule-hill-108433,The Express Way with Dulé Hill,TV,,SS 1
31,HD,https://img.moviesjoy.is/resize/188x288/43/7d/437da8bdf6001a304c49ccaae0deb66c/437da8bdf6001a304c49ccaae0deb66c.jpg,https://moviesjoy.is/movie/ballymanus-114070,Ballymanus,Movie,53m,2022
